No,Product Group,Product Name,Product Keyword
1,drink,Ruby Dutchess,Fresh and Cold Ruby Dutchess
2,vegetable,Rutabagat,Rutabagat perfect for vegetarians
3,vegetable,Frisee,Fully Green Frisee
4,spices,Saffron,Family Recommend Saffron
5,spices,Basil,Colourful Basil spice
6,fruit,Blood orange,Colorful and healthy Blood orange
7,fruit,Blackcurrant,Colorful and healthy Blackcurrant
8,dish,Corn flakes,Corn flakes that makes Hungry
9,vegetable,Kai-lan,Fully Green Kai-lan
10,vegetable,Endive,Endive perfect for vegetarians
11,dish,Chicken à la King,Delicious Chicken à la King
12,dish,Piroshky,Home made Piroshky dishes
13,dish,Ceviche,Delicious Ceviche
14,dish,Chicken à la King,Chicken à la King that makes Hungry
15,dish,Key Lime Pie,Home made Key Lime Pie dishes
16,dish,Kimchi,Home made Kimchi dishes
17,dish,Currywurst,Delicious Currywurst
18,fruit,Chokeberry,Colorful and healthy Chokeberry
19,fruit,Cluster fig,Cluster fig that refreshes your mind
20,spices,Alexanders,Family Recommend Alexanders
21,dish,Cheese stuffed crust pizza,Cheese stuffed crust pizza that makes Hungry
22,drink,Monkey Gland,Monkey Gland for rehydration
23,dish,Alphabet pasta,Delicious Alphabet pasta
24,spices,Lesser calamint,Family Recommend Lesser calamint
25,spices,Paracress,Colourful Paracress spice
26,vegetable,Cucumber,Cucumber perfect for vegetarians
27,fruit,Blood orange,Blood orange that refreshes your mind
28,vegetable,"Green, Red, Savoy","Healthy Green, Red, Savoy vegetables"
29,vegetable,Maize,Healthy Maize vegetables
30,spices,Pepper,Family Recommend Pepper
31,vegetable,Chinese Spinach,Chinese Spinach perfect for vegetarians
32,dish,Chili dog,Chili dog that makes Hungry
33,drink,Pale ale,Refreshingly Pale ale drink
34,vegetable,Aubergine,Aubergine perfect for vegetarians
35,dish,Celery Victor,Delicious Celery Victor
36,spices,Costmary,Costmary flavoring
37,drink,Punch,Fresh and Cold Punch
38,spices,Cayenne pepper,Hot and Spicy Cayenne pepper
39,fruit,Kakadu plum,Kakadu plum that refreshes your mind
40,dish,Chicken Divan,Home made Chicken Divan dishes
41,vegetable,English Cucumber,English Cucumber perfect for vegetarians
42,drink,Caesar,Refreshingly Caesar drink
43,vegetable,Napa Cabbage,Healthy Napa Cabbage vegetables
44,dish,Pastrami on Rye,Home made Pastrami on Rye dishes
45,drink,Chicago,Refreshingly Chicago drink
46,spices,Curry leaf,Curry leaf flavoring
47,fruit,Lingonberry,Lingonberry that refreshes your mind
48,vegetable,Carrot,Carrot perfect for vegetarians
49,dish,Porterhouse Steak,Home made Porterhouse Steak dishes
50,drink,Arrack,Arrack for rehydration
51,vegetable,Kai-lan,Kai-lan perfect for vegetarians
52,vegetable,Onion,Healthy Onion vegetables
53,dish,Empanada,Delicious Empanada
54,vegetable,Yams,Fully Green Yams
55,dish,Fried Catfish,Delicious Fried Catfish
56,vegetable,Radish,Healthy Radish vegetables
57,vegetable,Nopales,Nopales perfect for vegetarians
58,spices,Asafoetida,Asafoetida flavoring
59,spices,Pepper,Pepper flavoring
60,vegetable,Escarole,Fully Green Escarole
61,dish,French Onion Soup,Home made French Onion Soup dishes
62,fruit,Bearberry,Colorful and healthy Bearberry
63,spices,Chili pepper,Hot and Spicy Chili pepper
64,dish,Barbecue,Home made Barbecue dishes
65,fruit,Kiwifruit,Kiwifruit moodbooster
66,spices,Basil,Basil flavoring
67,fruit,Hairless rambutan,Hairless rambutan moodbooster
68,vegetable,Nopales,Fully Green Nopales
69,dish,Ammonia cookie,Delicious Ammonia cookie
70,vegetable,Celtuce,Healthy Celtuce vegetables
71,vegetable,Winter Melon,Winter Melon perfect for vegetarians
72,drink,Vodka Martini or Kangaroo,Fresh and Cold Vodka Martini or Kangaroo
73,spices,Alkanet,Colourful Alkanet spice
74,dish,Mashed potato,Delicious Mashed potato
75,spices,Chili pepper,Colourful Chili pepper spice
76,vegetable,Grape Leaves,Healthy Grape Leaves vegetables
77,vegetable,Bell Pepper,Healthy Bell Pepper vegetables
78,fruit,Goji berries,Colorful and healthy Goji berries
79,vegetable,Bean Sprouts,Healthy Bean Sprouts vegetables
80,spices,Alkanet,Alkanet flavoring
81,spices,Peppermint gum leaf,Family Recommend Peppermint gum leaf
82,fruit,Berberis,Colorful and healthy Berberis
83,spices,Paprika,Colourful Paprika spice
84,fruit,Hippophae,Hippophae that refreshes your mind
85,drink,Brandy Manhattan,Fresh and Cold Brandy Manhattan
86,drink,Mint Julep,Fresh and Cold Mint Julep
87,dish,Choco pie,Choco pie that makes Hungry
88,fruit,Limequat,Colorful and healthy Limequat
89,fruit,Physalis,Physalis moodbooster
90,fruit,Wimberry,Colorful and healthy Wimberry
91,dish,Cheesy Garlic Bread,Delicious Cheesy Garlic Bread
92,drink,Mild ale,Mild ale for rehydration
93,spices,Caper,Family Recommend Caper
94,vegetable,Parsley Root,Healthy Parsley Root vegetables
95,vegetable,Rutabagat,Healthy Rutabagat vegetables
96,fruit,Black sapote,Black sapote moodbooster
97,dish,Chicken Divan,Home made Chicken Divan dishes
98,fruit,Hackberry,Hackberry that refreshes your mind
99,dish,Hot chicken,Delicious Hot chicken
100,vegetable,Kohlrabi,Healthy Kohlrabi vegetables
101,spices,Ajwain,Family Recommend Ajwain
102,spices,Cinnamon,Hot and Spicy Cinnamon
103,vegetable,Fennel,Fennel perfect for vegetarians
104,drink,Cosmopolitan,Fresh and Cold Cosmopolitan
105,vegetable,Grape Leaves,Healthy Grape Leaves vegetables
106,drink,Mead,Mead for rehydration
107,vegetable,Arugula,Fully Green Arugula
108,dish,Potato skins,Delicious Potato skins
109,dish,Hot Chicken sandwich,Home made Hot Chicken sandwich dishes
110,spices,"Licorice, liquorice","Hot and Spicy Licorice, liquorice"
111,vegetable,Dandelion Greens,Healthy Dandelion Greens vegetables
112,dish,Hoppin' John,Home made Hoppin' John dishes
113,spices,Angelica,Angelica flavoring
114,drink,Tepache,Fresh and Cold Tepache
115,dish,Garlic bread,Home made Garlic bread dishes
116,dish,Sweet Potato Fries,Home made Sweet Potato Fries dishes
117,fruit,White currant,White currant moodbooster
118,spices,Jimbu,Hot and Spicy Jimbu
119,vegetable,Yams,Fully Green Yams
120,dish,Chicken à la King,Delicious Chicken à la King
121,fruit,Lychee,Lychee moodbooster
122,drink,Mai-Tai,Refreshingly Mai-Tai drink
123,spices,Lovage,Family Recommend Lovage
124,vegetable,Turnip Greens,Fully Green Turnip Greens
125,fruit,Loquat,Colorful and healthy Loquat
126,drink,Stinger,Refreshingly Stinger drink
127,fruit,Kapok,Kapok that refreshes your mind
128,spices,Perilla,Family Recommend Perilla
129,spices,"Licorice, liquorice","Hot and Spicy Licorice, liquorice"
130,drink,SakurÃ¡,Fresh and Cold SakurÃ¡
131,spices,Cinnamon myrtle,Colourful Cinnamon myrtle spice
132,fruit,Kapok,Colorful and healthy Kapok
133,drink,Table wine,Fresh and Cold Table wine
134,vegetable,Napa Cabbage,Healthy Napa Cabbage vegetables
135,spices,Avens,Hot and Spicy Avens
136,drink,Tom Collins,Tom Collins for rehydration
137,dish,Burnt ends,Delicious Burnt ends
138,spices,Cudweed,Colourful Cudweed spice
139,dish,Pepperoni,Home made Pepperoni dishes
140,spices,Pepper,Hot and Spicy Pepper
141,spices,Akudjura,Family Recommend Akudjura
142,spices,Caraway,Family Recommend Caraway
143,spices,Cumin,Family Recommend Cumin
144,dish,Salad bar,Salad bar that makes Hungry
145,spices,Sage,Hot and Spicy Sage
146,vegetable,Frisee,Fully Green Frisee
147,drink,Pall Mall,Refreshingly Pall Mall drink
148,drink,Corn N' Oil,Refreshingly Corn N' Oil drink
149,spices,Dorrigo,Dorrigo flavoring
150,drink,Three Wise Men,Refreshingly Three Wise Men drink
151,drink,Table wine,Refreshingly Table wine drink
152,spices,Jasmine flowers,Colourful Jasmine flowers spice
153,fruit,Limeberry,Colorful and healthy Limeberry
154,fruit,Raisin,Colorful and healthy Raisin
155,vegetable,Calabash,Fully Green Calabash
156,dish,Parma Ham,Home made Parma Ham dishes
157,drink,My Fair Lady,Refreshingly My Fair Lady drink
158,drink,Gin,Fresh and Cold Gin
159,fruit,Batuan,Colorful and healthy Batuan
160,vegetable,Kohlrabi Greens,Fully Green Kohlrabi Greens
161,fruit,Redcurrant,Redcurrant moodbooster
162,fruit,Kepel,Colorful and healthy Kepel
163,drink,Painkiller,Painkiller for rehydration
164,fruit,Black sapote,Black sapote that refreshes your mind
165,spices,Peppermint,Hot and Spicy Peppermint
166,vegetable,Kale,Healthy Kale vegetables
167,dish,Stuffed ham,Delicious Stuffed ham
168,fruit,Cowberry,Cowberry that refreshes your mind
169,fruit,Black walnut,Colorful and healthy Black walnut
170,dish,Chicken Biryani,Delicious Chicken Biryani
171,drink,Sling,Sling for rehydration
172,dish,Fajita,Fajita that makes Hungry
173,dish,Beef Lo Mein,Delicious Beef Lo Mein
174,vegetable,Corn,Healthy Corn vegetables
175,drink,Poire Williams,Refreshingly Poire Williams drink
176,drink,Painkiller,Painkiller for rehydration
177,spices,Akudjura,Hot and Spicy Akudjura
178,fruit,Kapok,Kapok moodbooster
179,fruit,Lingonberry,Colorful and healthy Lingonberry
180,fruit,Guava,Guava that refreshes your mind
181,vegetable,Iceberg,Healthy Iceberg vegetables
182,dish,Creamed corn,Home made Creamed corn dishes
183,spices,Anise,Anise flavoring
184,spices,Cudweed,Hot and Spicy Cudweed
185,fruit,Cocoplum,Cocoplum that refreshes your mind
186,vegetable,Horseradish,Healthy Horseradish vegetables
187,drink,Bock,Refreshingly Bock drink
188,drink,Moloko Plus,Fresh and Cold Moloko Plus
189,vegetable,Shallots,Healthy Shallots vegetables
190,drink,Shirley Temple Black,Refreshingly Shirley Temple Black drink
191,drink,Ward 8,Fresh and Cold Ward 8
192,vegetable,Greens,Healthy Greens vegetables
193,drink,Irish Car Bomb,Fresh and Cold Irish Car Bomb
194,vegetable,Yams,Fully Green Yams
195,spices,Leptotes bicolor,Family Recommend Leptotes bicolor
196,spices,Cubeb pepper,Family Recommend Cubeb pepper
197,dish,Quesadilla,Delicious Quesadilla
198,spices,Anise,Colourful Anise spice
199,fruit,Canistel,Canistel that refreshes your mind
